CourseName,Category,BroadAudience,CurrentOrFuture,Funding,GithubLink,BookdownLink,LeanpubLink,CourseraLink,ForIndividualsWho,Concepts,WebsiteDescription,RepoShortDescription,AboutThisCourse,LearningObjectives,ConceptsDiscussedSlideLink,ForIndividualsWhoSlideLink,LOSlideLink,PrereqsLink
Computing for Cancer Informatics,Tools & Resources,New to data science,Current,ITN,https://github.com/jhudsl/Computing_for_Cancer_Informatics,https://jhudatascience.org/Computing_for_Cancer_Informatics/,https://leanpub.com/universities/courses/jhu/cancer-informatics-computing,https://www.coursera.org/learn/computing-for-cancer-informatics/home/welcome,Have no formal training in informatics; Are relatively new to informatics; Want to learn the basics of computers and sharing computing resources; Want guidance for choosing computing options; Are researchers with limited to intermediate informatics expertise.,How computer hardware and software work; Data sizes and computational capacity; How shared computing resources work; Etiquette for shared computing resources; Computing resources designed for research; Guidance about computing resource decisions,"This course is designed to help investigators understand more about computing basics, as well as familiarize researchers with various computing platform options.",The course covers the key underlying principles and concepts in computing. It covers concrete discussions of the differences between cloud and local computing. The course highlights a number of computing options and etiquette for using shared resources.,The course will cover the key underlying principles and concepts in computing. It will cover concrete discussions of the differences between cloud and local computing. The course will highlight a number of computing options and etiquette for using shared resources. ,"Recognize basic computing terminology and understand the basics about how computers and computing systems work; Understand what a server is and the difference between cluster, grid, and cloud computing; Be aware of the appropriate etiquette for shared computing resources; Recognize available shared computing resources for multiple data modalities; Recognize shared computing resources designed for specific types of data; Compare and make informed decisions about computing resouces (including economic considerations)",https://docs.google.com/presentation/d/1B4LwuvgA6aUopOHEAbES1Agjy7Ex2IpVAoUIoBFbsq0/edit#slide=id.g11db82d2864_1_81,https://docs.google.com/presentation/d/1B4LwuvgA6aUopOHEAbES1Agjy7Ex2IpVAoUIoBFbsq0/edit#slide=id.g11db82d2864_1_65,https://docs.google.com/presentation/d/1B4LwuvgA6aUopOHEAbES1Agjy7Ex2IpVAoUIoBFbsq0/edit#slide=id.gf5f8818810_1_5,
Documentation and Usability,Software Development,Software developers,Current,ITN,https://github.com/jhudsl/Documentation_and_Usability,https://jhudatascience.org/Documentation_and_Usability/,https://leanpub.com/universities/courses/jhu/documentation_and_usability/,https://www.coursera.org/learn/documentation-usability-cancer-informatics,Create informatics tools; Want to learn how to apply user experience design principles to their tools; Want to increase the quality of their documentation,Apply usability research concepts; Create user friendly guides; Document code clearly; Obtain helpful user feedback,The course covers the basics of creating documentation and tutorials to maximize the usability of informatics tools. It is meant for individuals developing tools for informatics.,A course to cover the basics of creating documenation and tutorials to maximize the usability of informatics tools,"Informatics tools are designed to be used by a broad audience, everyone from entry level graduate students in biology to working professionals. Designing good user experiences can help increase usability of tools, but even for tools with necessarily complicated user interfaces, good documentation and tutorials can have an outsized impact on use and usability. This course was designed to teach principles of documentation and tutorials to tool developers in the ITCR and beyond.",Understand why usability and documentation is vital; Identify your user community; Build documentation and tutorials to maximize the usability of developed tools; Obtain feedback from your users,https://docs.google.com/presentation/d/1PH9_KlLVggYpNJI0fgvcIcft2vDtGA_mlCqKFA8gnAg/edit#slide=id.g2def1a354ad_0_6,https://docs.google.com/presentation/d/1PH9_KlLVggYpNJI0fgvcIcft2vDtGA_mlCqKFA8gnAg/edit#slide=id.g2def1a354ad_0_0,https://docs.google.com/presentation/d/1PH9_KlLVggYpNJI0fgvcIcft2vDtGA_mlCqKFA8gnAg/edit#slide=id.gd422c5de97_0_10,
Ethical Data Handling for Cancer Research,Best Practices,Leaders; New to data science,Current,ITN,https://github.com/fhdsl/Ethical_Data_Handling_for_Cancer_Research,https://hutchdatascience.org/Ethical_Data_Handling_for_Cancer_Research/,https://leanpub.com/courses/fredhutch/ethical_data_handling/,NA,Need a refresher on ethical data handling practices; Are new to working with clinical or genomic data and want to use it appropriately and responsibly; Want to learn about the emerging and current issues in bioinformatics ethics; Are researchers with limited to intermediate informatics expertise.,"Risks of personal identifiable information and personal health information; Tips about sharing cancer research data, including relevant repositories; Tips for HIPAA compliance and methods of de-identification; General history of medical research ethics; Cancer data types that are potentially re-identifiable; Current concers for medical research ethics; Major methods of data security and practical everyday tips; Strategies to protect and respect research participants","This course is designed to help researchers and investigators understand the key principles of data management from an ethics, privacy, security, usability and discoverability perspective.","This course is designed to help researchers and investigators understand the key principles of data management from an ethics, privacy, security, usability and discoverability perspective.","This course introduces aspects about the ethical, privacy, security, usability, and discoverability implications of data management for cancer research.",Recognize and work with data that requires extra privacy protection; Implement best practices for data security; Share data safely and securely in a variety of contexts; Apply ethical consideration in data management workflows,https://docs.google.com/presentation/d/1SRokLaGAc2hiwJSN26FHE0ZEEhPr3KQdyMICic8kAcs/edit#slide=id.g256fece0af0_0_0,https://docs.google.com/presentation/d/1SRokLaGAc2hiwJSN26FHE0ZEEhPr3KQdyMICic8kAcs/edit#slide=id.g256827a0886_0_0,https://docs.google.com/presentation/d/1SRokLaGAc2hiwJSN26FHE0ZEEhPr3KQdyMICic8kAcs/edit#slide=id.gf5f8818810_1_5,
Introduction to Reproducibility in Cancer Informatics,Best Practices,New to data science,Current,ITN,https://github.com/jhudsl/Reproducibility_in_Cancer_Informatics,https://jhudatascience.org/Reproducibility_in_Cancer_Informatics/introduction.html,https://leanpub.com/universities/courses/jhu/intro-to-reproducibility-in-cancer-informatics,https://www.coursera.org/learn/intro-reproducibility-cancer-informatics,Have some familiarity with R or Python - have written some scripts; Have not had formal training in computational methods; Have limited or no familiarity with GitHub,Organizing your project; Making your project open source with GitHub; Using notebooks; Managing package versions; Writing durable code; Documenting analyses; Understanding the importance of code review,This course introduces the concepts of reproducibility and replicability in the context of cancer informatics. It is the first course in a two part course on reproducibility. It uses hands-on exercises to demonstrate in practical terms how to increase the reproducibility of data analyses.,This course discusses reproducibility and replicability in the context of cancer informatics,"This course introduces the concepts of reproducibility and replicability in the context of cancer informatics. It is the first course in a two part course on reproducibility. It uses hands-on exercises to demonstrate in practical terms how to increase the reproducibility of data analyses. The course also introduces tools relevant to reproducibility including analysis notebooks, package management, git and GitHub. ",Understand the fundamental concepts of reproducibility vs replicability; Write a basic analysis that could be passed to another person/computer and be re-ran to obtain the same output; Write analysis notebook that adheres to best practices for reproducibliity and readability; Create a reproducible project on GitHub that could be re-run by someone else,https://docs.google.com/presentation/d/1LMurysUhCjZb7DVF6KS9QmJ5NBjwWVjRn40MS9f2noE/edit#slide=id.g106742f3b7b_0_168,https://docs.google.com/presentation/d/1LMurysUhCjZb7DVF6KS9QmJ5NBjwWVjRn40MS9f2noE/edit#slide=id.g106226cdd08_0_0,https://docs.google.com/presentation/d/1LMurysUhCjZb7DVF6KS9QmJ5NBjwWVjRn40MS9f2noE/edit#slide=id.gd422c5de97_0_10,https://docs.google.com/presentation/d/1IJ_uFxJud7OdIAr6p8ZOzvYs-SGDqa7g4cUHtUld03I/edit#slide=id.g101867ebdaa_18_0
Advanced Reproducibility,Best Practices,Software developers; New to data science,Current,ITN,https://github.com/jhudsl/Adv_Reproducibility_in_Cancer_Informatics,https://jhudatascience.org/Adv_Reproducibility_in_Cancer_Informatics/introduction.html,https://leanpub.com/universities/courses/jhu/adv-reproducibility-in-cancer-informatics,https://www.coursera.org/learn/adv-reproducibility-cancer-informatics,Have completed the Introduction to Reproducibility in Cancer Informatics course; Have used GitHub somewhat,Getting comfortable with GitHub concepts and workflow; Utilizing version control; Engaging in code review; Using a Docker image; Modifying a Docker image; Using automation (GitHub actions),"This course introduces more advanced tools to increase the reproducibility of data analyses; building upon the Intro to Reproducibility course. GitHub, Docker, Code Review, and GitHub actions are discussed. Click the arrows that appear when you hover over the image to see more about the course.",This course is the second course in a two part series that discusses reproducibility in the context of cancer informatics.,"This course introduces deeper concepts of reproducibility and replicability in the context of cancer informatics. It is the second course in a two part course on reproducibility. It uses hands-on exercises to demonstrate in practical terms how to increase the reproducibility of data analyses. The course also introduces tools relevant to reproducibility including analysis git and GitHub, GitHub Actions, Docker, and more.",Become familiar with using GitHub as a part of an analysis project workflow; Engage in code review steps on GitHub; Pull and use an existing Docker image for running an analysis; Make data from a project clear and shareable; Write a simple GitHub Actions; Obtain confidence to learn and apply additional reproducibility tools to an anlysis. ,https://docs.google.com/presentation/d/1IJ_uFxJud7OdIAr6p8ZOzvYs-SGDqa7g4cUHtUld03I/edit#slide=id.gfd7c7a0ba8_0_21,https://docs.google.com/presentation/d/1LMurysUhCjZb7DVF6KS9QmJ5NBjwWVjRn40MS9f2noE/edit#slide=id.g106226cdd08_0_0,https://docs.google.com/presentation/d/1IJ_uFxJud7OdIAr6p8ZOzvYs-SGDqa7g4cUHtUld03I/edit#slide=id.gd422c5de97_0_10,https://docs.google.com/presentation/d/1IJ_uFxJud7OdIAr6p8ZOzvYs-SGDqa7g4cUHtUld03I/edit#slide=id.g101867ebdaa_18_0
Data Management and Sharing for NIH Proposals,Best Practices,Leaders,Current,ITN; Hutch,https://github.com/fhdsl/NIH_Data_Sharing,https://hutchdatascience.org/NIH_Data_Sharing/,https://leanpub.com/courses/fredhutch/nih_data_sharing,NA,"Are submitting a grant proposal to the NIH; Want to determine if a proposal requires compliance; Want support finding appropriate places to share data; Want support writing a data management and sharing plan; Are PIs, Program Administrators, and other researchers who are planning to submit grant proposals to the NIH after January 25, 2023.",Motivations of the policy; Personal Considerations; Data Storage Options; Budgeting; Creating a DMS Plan; Submission Tips; Post Submission Tips,"The National Institutes of Health (NIH) is rolling out a new policy for the management and sharing of scientific data starting for (most) grants submitted January 25, 2023 or later. The main requirement of this new policy is that researchers include a Data Management and Sharing (DMS) plan with their proposal. Not all research will require data sharing. However, everyone must provide a justification if they canâ€™t share their data. Once a DMS plan is accepted by the funding agency, the researchers will be required to carry out the plan. In this course, we describe what the new policy requires, places where you might want to share your particular kind of data, and how to deal with possible challenges associated with the policy.","Learn about the new NIH data sharing policy, places where you might want to share your particular kind of data, and how to deal with possible challenges associated with the policy.","This course introduces templates and helpful information for filling out Data Sharing Plans in NIH grants, per the new official policy. This course is intended for PIs, Program Administrators, and other researchrs who are planning to submit grant proposals to the NIH after January 25, 2023. ","Understand the motivations behind the new NIH data sharing guidelines; Learn how the data sharing guidelines affect your research, and whether you need to create a data sharing plan; Become familiar with the variety of data management and storage options for your data; Create a budget that covers the cost of data sharing and data storage; Write a data management and storage plan for your NIH grant; Successfully submit and implement your data management and storage plan. ",https://docs.google.com/presentation/d/1luFoDzF6aDJEebbL6iWoJ_s8s9nQnaWLL5jghbmWdak/edit#slide=id.g1784801ac8b_42_0,https://docs.google.com/presentation/d/1luFoDzF6aDJEebbL6iWoJ_s8s9nQnaWLL5jghbmWdak/edit#slide=id.g225dc533c12_1_0,https://docs.google.com/presentation/d/1luFoDzF6aDJEebbL6iWoJ_s8s9nQnaWLL5jghbmWdak/edit#slide=id.g189b638057e_0_0,
Choosing Genomic Tools,Tools & Resources,New to data science,Current,ITN,https://github.com/fhdsl/Choosing_Genomics_Tools,https://hutchdatascience.org/Choosing_Genomics_Tools/,https://leanpub.com/course_admin/fredhutch/choosing-genomics-tools,NA,Have -omic data and don't know what to do with it; Want a basic overview of their -omic data type; Want to find resources for processing and interpreting -omics data,"What does your genomic data type represent?; What are the most common data processing steps for your data type; Find resources, tools and tutorials to help you process and interpret your data","Based on their genomic data types and goals, this course will help learners find educational resources and tools to help them process and interpret data.",A course to help learners find resources and tools to help them process and interpet their genomic data,A course to help learners find resources and tools to help them process and interpret their genomic data. There's a lot of really great resources and tools for various data types; this course helps you find them.,Understand the overall workflow associated with processing their genomic data; Find tutorials to help them process their genomic data; Choose tools for processing their genomic data; Choose tools for interpreting their genomic data,https://docs.google.com/presentation/d/1YwxXy2rnUgbx_7B7ENH9wpDX-j6JpJz6lGVzOkjo0qY/edit#slide=id.g11db7c97851_0_143,https://docs.google.com/presentation/d/1YwxXy2rnUgbx_7B7ENH9wpDX-j6JpJz6lGVzOkjo0qY/edit#slide=id.g116525eff64_0_96,https://docs.google.com/presentation/d/1YwxXy2rnUgbx_7B7ENH9wpDX-j6JpJz6lGVzOkjo0qY/edit#slide=id.gd422c5de97_0_10,
AI for Efficient Programming,Software Development,Software developers; New to data science,Current,ITN; Hutch,https://github.com/fhdsl/AI_for_Efficient_Programming,https://hutchdatascience.org/AI_for_Efficient_Programming/,https://leanpub.com/courses/fredhutch/ai_for_software,"https://www.itcrtraining.org/courses#:~:text=Leanpub%20(for%20free)!-,Take%20the%20course%20on%20Coursera,-Github%20Source%20Material",Develop software or want to start; Are interested in using large language model AI tools to help you with your work; Want to use AI tools responsibly,Introduction to Large Language AI tools; Ethics of AI tool use for software development; Using AI tools to write code; Using AI to refactor code; Using AI to annotate code; Using AI to understand unfamiliar code,"This course on AI for software development explores the use of AI large language models such as ChatGPT, Bard, and others and their potential benefits and challenges. Through examples and hands-on activities, students will develop an understanding of the ways in which AI can speed up software development tasks and free up time for more creative and strategic work. By the end of the course, students will be equipped to navigate the rapidly changing landscape of software development and use AI chatbots in a way that maximizes benefits and efficiency while limiting harm as much as possible.",DaSL's course on AI skills for efficient programming,"This course guides learners in how to leverage AI, specifically Large Language Models such as ChatGPT and Bard, for software. ",Generate code; Debug code; Refactor code; Annotate code; Understand code written by others; Translate code to other languages; Follow ethical guidelines for using AI,https://docs.google.com/presentation/d/1MCNeSO4aOm1iESWDLOGTcx3aLEbnu8UttV0QGVAeafE/edit#slide=id.g225d384a06d_0_355,https://docs.google.com/presentation/d/1MCNeSO4aOm1iESWDLOGTcx3aLEbnu8UttV0QGVAeafE/edit#slide=id.g225d384a06d_0_176,https://docs.google.com/presentation/d/1MCNeSO4aOm1iESWDLOGTcx3aLEbnu8UttV0QGVAeafE/edit#slide=id.g2722fe8bae3_1_7,
Leadership for Cancer Informatics Research,Best Practices,Leaders; New to data science,Current,ITN,https://github.com/jhudsl/Informatics_Research_Leadership,https://jhudatascience.org/Informatics_Research_Leadership/,https://leanpub.com/universities/courses/jhu/cancer-informatics-for-research-leaders,https://www.coursera.org/learn/leadership-for-cancer-informatics-research,"Are new to informatics but want to do more; are informatics researchers who want to collaborate with experimental/wet bench researchers effectively; want to support more diversity, equity, and inclusion practices in their research and management",Support multidisciplinary mentees; Promote and support an inclusive and diverse team; Collaborate with multidisciplinary teams; Support more health equity in research; Identify good informatics questions; Tools and workflows to support research management; Avoid informatics project pitfalls,This course covers the pitfalls of informatics research and discusses best practices and tools to overcome the challenges of working with and managing multidisciplinary teams. It also covers guidelines to promote diversity and inclusion in your lab and research.,Guidance on supporting multidisciplinary teams in cancer informatics,"Informatics research often requires multidisciplinary teams. This requires more flexibility to communicate with team members with distinct backgrounds. Furthermore, team members often have different research and career goals. This can present unique challenges in making sure that everyone is on the same page and cohesively working together. The course is intended for researchers who lead research teams or collaborate with others to perform multidisciplinary work. We have especially aimed the material for those with moderate to no computational experience who may lead or collaborate with informatics experts. However this material is also applicable to informatics experts working with others who have less computational experience.

We will provide you with an awareness for the specific challenges that your informatics collaborators, employees, and mentees might face, as well as ways to mitigate these challenges. By creating a better work environment for your informatics research team, you will ultimately improve the potential impact of your work.

We will also discuss the major pitfalls of informatics research and discuss best practices for performing informatics research correctly and well, so that you can get the most out of your informatics projects.","Effectively lead and support team members on informatics projects; plan and perform informatics projects well; better support informatics collaborators, mentees, and employees; better support diversity, inclusion, and equity within your team and research; recognize tools that can help you perform informatics projects well",https://docs.google.com/presentation/d/1OU5qeRgN_fojGbcyu2qEdwlcKpDO6BveWtYW_u1Hqd4/edit#slide=id.g11ed88220f1_0_91,https://docs.google.com/presentation/d/1OU5qeRgN_fojGbcyu2qEdwlcKpDO6BveWtYW_u1Hqd4/edit#slide=id.g11ed88220f1_0_71,https://docs.google.com/presentation/d/1OU5qeRgN_fojGbcyu2qEdwlcKpDO6BveWtYW_u1Hqd4/edit#slide=id.gf4c01e4dca_56_0,
GitHub Automation for Scientists,Software Development,Software developers,Current,ITN,https://github.com/fhdsl/GitHub_Automation_for_Scientists,https://hutchdatascience.org/GitHub_Automation_for_Scientists/,https://leanpub.com/courses/fredhutch/github-automation-for-scientists,NA,Are comfortable with GitHub and know how to make a pull request; Wish to save time and enhance their scientific projects using automation; Perhaps previously tried to learn about GitHub Actions but felt overwhelmed on how to get started; Are students in the biomedical sciences or researchers who use informatics tools in their research.,Why automation is so powerful for science; Basic templates and activities to get started with GitHub Actions; The basics for how to use Github Actions; How to troubleshoot borken GitHub Actions,This course walks through why's and the how's for using automation to boost scientific software development process.,A course that introduces GitHub actions to developers of scientific workflows and software. ,This course covers how to use GitHub actions for scientific software development. We encourage the recognition that scientific software can take many forms that can all benefit from the concepts of continuous integration and continuous deployment.,Recognize best practices for programming; Utilize automation to enhance scientific projects and save time; Troubleshoot most common GitHub Actions errors; Find information about how to publish a GitHub Action,https://docs.google.com/presentation/d/1x0Cnk2Wcsg8HYkmXnXo_0PxmYCxAwzVrUQzb8DUDvTA/edit#slide=id.g2ab6f05fef1_0_0,https://docs.google.com/presentation/d/1x0Cnk2Wcsg8HYkmXnXo_0PxmYCxAwzVrUQzb8DUDvTA/edit#slide=id.g1173f7473f7_0_0,https://docs.google.com/presentation/d/1x0Cnk2Wcsg8HYkmXnXo_0PxmYCxAwzVrUQzb8DUDvTA/edit#slide=id.gd422c5de97_0_10,https://docs.google.com/presentation/d/1x0Cnk2Wcsg8HYkmXnXo_0PxmYCxAwzVrUQzb8DUDvTA/edit#slide=id.g101867ebdaa_18_0
AI for Decision Makers,Tools & Resources,Leaders,Current,ITN; Hutch,https://github.com/fhdsl/AI_for_Decision_Makers,https://hutchdatascience.org/AI_for_Decision_Makers/,NA,https://www.coursera.org/learn/ai-for-decision-makers,"Are executives, decision-makers, and business leaders across industries, including executives in C-suite positions, managers, and directors; Value continous learning and want to stay ahead in today's fast-paced technology landscape",Introductory fundamentals about how AI works and different kinds of AI; Research and day-to-day task possibilities with AI; Considerations for avoiding harm when using AI; Strategies and solutions for integrating AI solutions into a project; Upcoming regulations,"This set of four mini courses helps leaders make strategic decisions, drive innovation, enhance efficiency, and foster a culture that embraces the transformative power of these technologies.","This is the series of courses in Fred Hutch DaSL's ""AI for Decision Makers"" specialization on Coursera.","This is the series of courses in Fred Hutch DaSL's ""AI for Decision Makers"" specialization on Coursera.","Determine what AI is and isn't using our three part framework: the data, algorithm, and interface; Identify possibilities for using AI while understanding its limitations; Describe key ethical concerns for using AI tools; Discuss why human evaluation and monitoring is important and necessary; Identify what kinds of customizations your AI project requires; Evaluate the resources and staffing needs you will have for this project; Define your own goals for evaluating the accuracy, computational efficiency, and usability of your AI tool; Identify the key elements of a good AI policy; Identify key legal categories relevant to AI use, including intellectual property, data privacy, and liability; Understand the limitations of relying solely on an AI policy without supporting infrastructure and training; Recognize the importance of involving diverse stakeholders from various departments in AI policy creation; Identify strategies for building flexible and adaptable AI policies, such as living documents and separate best practice guidelines",https://docs.google.com/presentation/d/1Iq03I-o5LLTI__-0iI2xYFE72oDUPa1881TWk5D2Jyg/edit#slide=id.g2acd5280bf0_0_175,https://docs.google.com/presentation/d/1Iq03I-o5LLTI__-0iI2xYFE72oDUPa1881TWk5D2Jyg/edit#slide=id.g2acd5280bf0_0_20,https://docs.google.com/presentation/d/1Iq03I-o5LLTI__-0iI2xYFE72oDUPa1881TWk5D2Jyg/edit#slide=id.g2acd5280bf0_0_0,
Overleaf and LaTeX for Scientific Articles,Tools & Resources,Leaders; New to data science,Current,ITN,https://github.com/fhdsl/Overleaf_and_LaTeX_for_Scientific_Articles,https://hutchdatascience.org/Overleaf_and_LaTeX_for_Scientific_Articles/,https://leanpub.com/courses/fredhutch/overleaf_intro,https://www.coursera.org/learn/overleafandlatex/,"Are unfamiliar with LaTeX, but like the idea of using a tool for more customizable and reproducible formatting of documents; Have heard of LaTeX but don't know how to use it in practice; Want guidance on collaborating with Overleaf",What typesetting is; What LaTeX is used for and how it came to be; How Overleaf makes writing LaTeX documents easier; How to work with a template for a scientific article intended for arXiv; How to collaborate on Overleaf; How to get help if you run into issues,This course is designed to help researchers and trainees write scientific articles using LaTeX and Overleaf.,"The course covers basic information about why LaTeX can be useful, how to get started in Overleaf using LaTeX with a template, how to work with a team on Overleaf, and what to do when you encounter problems.","The course covers basic information about why LaTeX can be useful, how to get started in Overleaf using LaTeX with a template, how to work with a team on Overleaf, and what to do when you encounter problems.",Be familiar with what LaTeX is and how it came to be; Understand the benefits of LaTeX and Overleaf; Get started writing in Overleaf with a template for a scientific manuscript (for arXiv); Add references to a document in Overleaf; Get help if you encouter challenges; Work collaboratively on Overleaf,https://docs.google.com/presentation/d/1UgGtVn7RsqdQ4pJxDk_dueSyREHcH-uWTNAT27E2mG8/edit#slide=id.g1bb9ca840c8_0_179,https://docs.google.com/presentation/d/1UgGtVn7RsqdQ4pJxDk_dueSyREHcH-uWTNAT27E2mG8/edit#slide=id.g1bb9ca840c8_0_164,https://docs.google.com/presentation/d/1UgGtVn7RsqdQ4pJxDk_dueSyREHcH-uWTNAT27E2mG8/edit#slide=id.g1bb9ca840c8_0_196,
AI for Decision Makers: Exploring AI Possibilities,Tool & Resources,Leaders,Current,ITN; Hutch,https://github.com/fhdsl/AI_for_Decision_Makers,https://hutchdatascience.org/AI_for_Decision_Makers/introduction-to-exploring-ai-possibilities.html,NA,https://www.coursera.org/learn/exploring-ai-possibilities,"Are executives, decision-makers, and business leaders across industries, including executives in C-suite positions, managers, and directors; Value continous learning and want to stay ahead in today's fast-paced technology landscape; Are industry or non-profit leaders and decision makers",,"This is one of four mini courses, ""Exploring AI Possibilities"", a part of ""AI for Decision Makers"", to help leaders make strategic decisions, drive innovation, enhance efficiency, and foster a culture that embraces the transformative power of these technologies. This mini course aims to help decision makers and leaders understand artificial intelligence (AI) at a strategic level, specifically focusing on the essentials of what AI is and what it makes possible, to better harmonize expectations and reality in the workplace.","This is the ""Exploring AI Possibilities"" course in Fred Hutch DaSL's ""AI for Decision Makers"" specialization on Coursera.","This is the ""Exploring AI Possibilities"" course in Fred Hutch DaSL's ""AI for Decision Makers"" specialization on Coursera.","Determine what AI is and isn't using our three part framework: the data, algorithm, and interface; Identify common technologies and whether or not they are AI; Explain the essential ""behind the scenes"" technology of how AI works; Identify possibilities for using AI while understanding its limitations",,,https://docs.google.com/presentation/d/1M6lqJoN0yQDPJtO8nGWYrb7pI6kNv3uZeKcB8y5iPok/edit#slide=id.g2646dacf642_0_11,
AI for Decision Makers: Avoiding AI Harm,Tool & Resources,Leaders,Current,ITN; Hutch,https://github.com/fhdsl/AI_for_Decision_Makers,https://hutchdatascience.org/AI_for_Decision_Makers/introduction-to-avoiding-ai-harm.html,NA,https://www.coursera.org/learn/avoiding-ai-harm,"Are executives, decision-makers, and business leaders across industries, including executives in C-suite positions, managers, and directors; Value continous learning and want to stay ahead in today's fast-paced technology landscape; Are leaders who might make decisions about AI at nonprofits, in industry, or academia; May have an interest to use or develop AI tools",,"This is one of four mini courses, ""Avoiding AI Harm"", a part of ""AI for Decision Makers"", to help leaders make strategic decisions, drive innovation, enhance efficiency, and foster a culture that embraces the transformative power of these technologies. This mini course aims to help you recognize some of the potential consequences of using or developing AI tools.","This is the ""Avoiding AI Harm"" course in Fred Hutch DaSL's ""AI for Decision Makers"" specialization on Coursera.","This is the ""Avoiding AI Harm"" course in Fred Hutch DaSL's ""AI for Decision Makers"" specialization on Coursera.","Describe key ethical concerns for using AI tools; Discuss why human evaluation and monitoring is important and necessary; Explain why AI should be thought of as a better computer, not a human replacement; Discuss the potential benefits of being transparent about the use of AI tools; Recognize real-world examples of AI usage that has resulted in ethical debate; Identify possible mitigation strategies for major ethical concerns with regard to the algorithms underlying AI tools; Describe practices that can help you to adhere to more responsible AI use and development; Discuss nuances involved with consent in the use of AI; Describe a possible process for reflecting on ethical AI use and development",,,https://docs.google.com/presentation/d/1svhC_kKH85AHW1mglXUaaQCWuKJUjxlErAHnw_uoWVg/edit#slide=id.g2a7ef7211ae_0_75,
AI for Decision Makers: Determining AI Needs,Tool & Resources,Leaders,Current,ITN; Hutch,https://github.com/fhdsl/AI_for_Decision_Makers,https://hutchdatascience.org/AI_for_Decision_Makers/introduction-to-determining-ai-needs.html,NA,https://www.coursera.org/learn/determining-ai-needs,"Are executives, decision-makers, and business leaders across industries, including executives in C-suite positions, managers, and directors; Value continous learning and want to stay ahead in today's fast-paced technology landscape; Have an AI related project in mind or think that they might need to incorporate AI into their project; Are likely the leader who is guiding others in an AI related project and not necessarily the person who will write code or carry out the technical aspects of the project.",,"This is one of four mini courses, ""Determining AI Needs"", a part of ""AI for Decision Makers"", to help leaders make strategic decisions, drive innovation, enhance efficiency, and foster a culture that embraces the transformative power of these technologies.","This is the ""Determining AI Needs"" course in Fred Hutch DaSL's ""AI for Decision Makers"" specialization on Coursera.","This is the ""Determining AI Needs"" course in Fred Hutch DaSL's ""AI for Decision Makers"" specialization on Coursera.","Understand what makes a good AI model; Describe what makes a model accurate; Understand fundamentals about what makes AI models computationally efficient; Describe components of LLMs and other AI models and how training data is critical to their accuracy; Establish your AI project goals; Detail how these goals are not currently accomplished by a currently existing AI tool; Identify what kinds of customizations your AI project requires; Evaluate the resources and staffing needs you will have for this project; Understand the motivation behind customized knowledge needs for AI tools; Discuss a variety of low to high investment strategies for meeting customized knowledge needs; Define and be able to contrast the differences between prompt engineering, promoting tuning, fine tuning, and training a model from scratch; Understand the motivation behind customized security needs for AI tools; Discuss a variety of low to high investment strategies for meeting customized security needs; Define and be able to contrast the differences between secure AI services, deidentifying data, and deploying existing models on secure computing resources; Understand the motivation behind customized interface needs for AI tools; Discuss a variety of low to high investment strategies for meeting customized interface needs; Define and be able to contrast the differences graphics user interfaces and command line interfaces; Understand the motivation behind evaluating your customized AI tool; Define your own goals for evaluating the accuracy, computational efficiency, and usability of your AI tool; Recognize metrics that could be used for evaluation of accuracy, computational efficiency, and usability",,https://docs.google.com/presentation/d/1Le4EqKaQKJskZDFrO0h2I0mP-s23C8UHFenhMeFpmu8/edit#slide=id.g2a707ad6635_0_10,https://docs.google.com/presentation/d/1Le4EqKaQKJskZDFrO0h2I0mP-s23C8UHFenhMeFpmu8/edit#slide=id.g2a707ad6635_0_16,
AI for Decision Makers: Developing AI Policy,Tool & Resources,Leaders,Current,ITN; Hutch,https://github.com/fhdsl/AI_for_Decision_Makers,https://hutchdatascience.org/AI_for_Decision_Makers/introduction-to-developing-ai-policy.html,NA,https://www.coursera.org/learn/developing-ai-policy/,"Are executives, decision-makers, and business leaders across industries, including executives in C-suite positions, managers, and directors; Value continous learning and want to stay ahead in today's fast-paced technology landscape; Are industry or non-profit leaders and decision makers",,"This is one of four mini courses, ""Developing AI Policy"", a part of ""AI for Decision Makers"", to help leaders make strategic decisions, drive innovation, enhance efficiency, and foster a culture that embraces the transformative power of these technologies. This mini course is intended to equip you with the knowledge you need to develop an effective AI policy for your organization.","This is the ""Developing AI Policy"" course in Fred Hutch DaSL's ""AI for Decision Makers"" specialization on Coursera.","This is the ""Developing AI Policy"" course in Fred Hutch DaSL's ""AI for Decision Makers"" specialization on Coursera.","Understand the reasons why organizations need an AI policy; Identify the key elements of a good AI policy; Describe the roles and responsibilities of different team members involved in guiding AI use; Identify key regulations outlined in the EU AI Act, including risk classifications, transparency requirements, and prohibited applications; Understand how existing industry-specific AI policies can inform your organization's policy; Identify key legal categories relevant to AI use, including intellectual property, data privacy, and liability; Understand the limitations of relying solely on an AI policy without supporting infrastructure and training; Recognize the importance of involving diverse stakeholders from various departments in AI policy creation; Identify strategies for building flexible and adaptable AI policies, such as living documents and separate best practice guidelines; Appreciate the role of effective training in promoting policy compliance and ethical AI use",,,https://docs.google.com/presentation/d/1w5PkqNeYlkUik4uXw30Opnzm9o-G_YQdOdjffNXlIA4/edit#slide=id.g2646dacf642_0_11,
Imaging for Cancer Informatics,Tools & Resources,New to data science,Future,ITN,,,,,,,"The course will show reproducible pipelines and analyses that can be done with medical imaging and pathological images, from raw data to statistical analysis.",,,,,,,
Clinical Data Analysis for Cancer Informatics,Tools & Resources,New to data science,Future,ITN,,,,,,,It can be difficult to organize and keep track of all the various clinical data that a researcher may collect or attempt to explore. Learning how to automate data extraction from clinical documents and how to summarize across documents can save valuable time and decrease the chance for errors when transcribing data from one format to another.,,,,,,,
Software Development Beyond Coding,Software Development,Software developers,Future,ITN,,,,,,,,,,,,,,
Data Visualization in Cancer Informatics,Best Practices,New to data science,Future,ITN,,,,,,,"This course will cover the key concepts behind data visualization. It will also cover how to create effective visualizations for exploration, exposition, and validation. Finally it will cover how to use specific tools to make visualizations for omics, imaging, and clinical data.",,,,,,,
Containers for Cancer Informatics,Software Development,Software developers,Future,ITN,,,,,,,,,,,,,,
Data Management & Sharing,Best Practices,Leaders,Future,ITN,https://github.com/fhdsl/Data_Management_and_Sharing,https://hutchdatascience.org/Data_Management_and_Sharing/,,,,,,Data management and sharing best practices for biomedical data handling folks,,,https://docs.google.com/presentation/d/10nOR2t1-F0E01fItN_l8uYRWslH2PmebPvhQzCBeCPM/edit#slide=id.gfd7c7a0ba8_0_0,https://docs.google.com/presentation/d/10nOR2t1-F0E01fItN_l8uYRWslH2PmebPvhQzCBeCPM/edit#slide=id.g1173f7473f7_0_0,https://docs.google.com/presentation/d/10nOR2t1-F0E01fItN_l8uYRWslH2PmebPvhQzCBeCPM/edit#slide=id.gd422c5de97_0_10,
Dissemination & Engagement,Software Development,Software developers,Future,ITN,,,,,,,"Even the most useful and best developed tools need to be put into the hands of relevant users to have an impact. There are a variety of modern approaches for disseminating cancer informatics software including Github, Social Media, workflow tools, and workflow publications. There is also a growing ecosystem for engaging users of software in everything from Github issues, to massive online open courses, to social media discussions. This course is designed to introduce effective ways of disseminating software and engaging with users to maximize impact.",,,,,,,
Package Development,Software Development,Software developers,Future,ITN,,,,,,,,,,,,,,
Machine Learning for Cancer Informatics,Tools & Resources,New to data science,Future,ITN,,,,,,,As the size and scope of data sets dramatically increases the opportunity to use these data sets to develop prognostic and predictive algorithms in cancer research also grows. This course will cover the key concepts and applications of machine learning in cancer research.,,,,,,,